rank,token,count,fileCount,reason,suggestedPronunciation,sameAsOriginal,score,qualityFlags,autoDecision,reviewerDecision,reviewerNote
2,Ebû,61482,1108,circumflex,Ebû,true,550,same_as_original|short_token|very_high_frequency,review,,
3,teâlâ,50949,788,circumflex,teâlâ,true,550,same_as_original|very_high_frequency,review,,
4,âyet,37368,1062,circumflex,âyet,true,550,same_as_original|very_high_frequency,review,,
5,Cenâb,37301,165,circumflex,Cenâb,true,550,same_as_original|very_high_frequency,review,,
6,Ebî,34887,327,circumflex,Ebî,true,550,same_as_original|short_token|very_high_frequency,review,,
7,âyeti,30723,933,circumflex,âyeti,true,550,same_as_original|very_high_frequency,review,,
8,âyetini,29345,507,circumflex,âyetini,true,550,same_as_original|very_high_frequency,review,,
9,Abbâs,29019,565,circumflex,Abbâs,true,550,same_as_original|very_high_frequency,review,,
10,aleyhisselâm,25338,650,circumflex,aleyhisselâm,true,550,same_as_original|very_high_frequency,review,,
11,Resûlüllah,23292,532,circumflex,Resûlüllah,true,550,same_as_original|very_high_frequency,review,,
12,Resûlullah,22730,164,circumflex|specialized-legacy,Resûlullah,true,570,same_as_original|very_high_frequency,review,,
13,Hâtim,22611,150,circumflex,Hâtim,true,550,same_as_original|very_high_frequency,review,,
14,Cerîr,22429,177,circumflex,Cerîr,true,550,same_as_original|very_high_frequency,review,,
15,Allah'tan,17519,883,apostrophe,Allahtan,false,565,apostrophe_only|very_high_frequency,accept,,
16,inkâr,16914,955,circumflex,inkâr,true,550,same_as_original|very_high_frequency,review,,
17,Abdullah,16811,743,specialized-legacy,Abdullah,true,520,same_as_original|very_high_frequency,review,,
18,rivâyet,15903,489,circumflex,rivâyet,true,550,same_as_original|very_high_frequency,review,,
19,îman,15880,628,circumflex,îman,true,550,same_as_original|very_high_frequency,review,,
20,âyetin,15036,743,circumflex,âyetin,true,550,same_as_original|very_high_frequency,review,,
21,Binâenaleyh,14427,150,circumflex,Binâenaleyh,true,550,same_as_original|very_high_frequency,review,,
22,âyette,13980,736,circumflex,âyette,true,550,same_as_original|very_high_frequency,review,,
23,Mûsa,13934,491,circumflex,Mûsa,true,550,same_as_original|very_high_frequency,review,,
24,Kur'ân,13047,808,circumflex|apostrophe,Kur'ân,true,580,same_as_original|very_high_frequency,review,,
25,Âyet,12672,647,circumflex,Âyet,true,550,same_as_original|very_high_frequency,review,,
26,delâlet,12641,509,circumflex,delâlet,true,550,same_as_original|very_high_frequency,review,,
27,Âyetin,12022,704,circumflex,Âyetin,true,550,same_as_original|very_high_frequency,review,,
28,Katâde,9451,443,circumflex,Katâde,true,550,same_as_original|very_high_frequency,review,,
29,Beyhakî,9430,225,circumflex,Beyhakî,true,550,same_as_original|very_high_frequency,review,,
31,Mücâhid,8890,359,circumflex,Mücâhid,true,550,same_as_original|very_high_frequency,review,,
32,Merdûye,8889,135,circumflex,Merdûye,true,550,same_as_original|very_high_frequency,review,,
33,âyetinde,8698,680,circumflex,âyetinde,true,550,same_as_original|very_high_frequency,review,,
34,celâlühü,8512,146,circumflex,celâlühü,true,550,same_as_original|very_high_frequency,review,,
35,kâfir,8205,734,circumflex,kâfir,true,550,same_as_original|very_high_frequency,review,,
36,Tirmizî,7772,503,circumflex,Tirmizî,true,550,same_as_original|very_high_frequency,review,,
37,kâfirler,7632,835,circumflex,kâfirler,true,550,same_as_original|very_high_frequency,review,,
38,Zeccâc,7604,333,circumflex,Zeccâc,true,550,same_as_original|very_high_frequency,review,,
39,Buhârî,7310,368,circumflex,Buhârî,true,550,same_as_original|very_high_frequency,review,,
40,ifâde,7107,216,circumflex,ifâde,true,550,same_as_original|very_high_frequency,review,,
41,kâfirlerin,6744,697,circumflex,kâfirlerin,true,550,same_as_original|very_high_frequency,review,,
42,Saîd,6678,243,circumflex,Saîd,true,550,same_as_original|very_high_frequency,review,,
43,helâk,6509,553,circumflex,helâk,true,550,same_as_original|very_high_frequency,review,,
44,Âyette,6111,518,circumflex,Âyette,true,550,same_as_original|very_high_frequency,review,,
45,aleyhisselam,6076,222,specialized-legacy,aleyhisselaam,false,555,very_high_frequency,accept,,
46,sallallahu,6050,122,specialized-legacy,sallallahu,true,520,same_as_original|very_high_frequency,review,,
47,helâl,5731,310,circumflex,helâl,true,550,same_as_original|very_high_frequency,review,,
48,ilâh,5665,535,circumflex,ilâh,true,550,same_as_original|very_high_frequency,review,,
49,Resûlü,5655,205,circumflex,Resûlü,true,550,same_as_original|very_high_frequency,review,,
50,Resulullah,5627,240,specialized-legacy,Resulullah,true,520,same_as_original|very_high_frequency,review,,
51,hâlde,5434,331,circumflex,hâlde,true,550,same_as_original|very_high_frequency,review,,
52,Kur'ân'ın,5297,595,circumflex|apostrophe,Kur'ân'ın,true,580,same_as_original|very_high_frequency,review,,
53,Meselâ,5225,407,circumflex,Meselâ,true,550,same_as_original|very_high_frequency,review,,
54,âhirette,5211,563,circumflex,âhirette,true,550,same_as_original|very_high_frequency,review,,
55,lâfzı,5173,387,circumflex,lâfzı,true,550,same_as_original|very_high_frequency,review,,
56,Âdem,5089,425,circumflex,Âdem,true,550,same_as_original|very_high_frequency,review,,
58,âyetleri,5016,624,circumflex,âyetleri,true,550,same_as_original|very_high_frequency,review,,
59,ilâhî,4918,396,circumflex,ilâhî,true,550,same_as_original|very_high_frequency,review,,
60,âyetlerini,4910,601,circumflex,âyetlerini,true,550,same_as_original|very_high_frequency,review,,
61,âyetinin,4882,432,circumflex,âyetinin,true,550,same_as_original|very_high_frequency,review,,
62,Mâlik,4879,339,circumflex,Mâlik,true,550,same_as_original|very_high_frequency,review,,
63,câiz,4837,295,circumflex,câiz,true,550,same_as_original|very_high_frequency,review,,
64,Yûsuf,4765,171,circumflex,Yûsuf,true,550,same_as_original|very_high_frequency,review,,
65,Kur'ân'ı,4713,611,circumflex,Kur'ân'ı,true,550,same_as_original|very_high_frequency,review,,
66,Hâkim,4711,230,circumflex,Hâkim,true,550,same_as_original|very_high_frequency,review,,
67,Mukâtil,4710,329,circumflex,Mukâtil,true,550,same_as_original|very_high_frequency,review,,
69,Nesâî,4666,289,circumflex,Nesâî,true,550,same_as_original|very_high_frequency,review,,
70,Sûresi'nde,4641,299,circumflex|apostrophe,Sûresinde,false,615,very_high_frequency,accept,,
71,Kur'an,4539,351,apostrophe,Kuran,false,565,apostrophe_only|very_high_frequency,accept,,
72,âyetler,4495,630,circumflex,âyetler,true,550,same_as_original|very_high_frequency,review,,
73,Taberânî,4429,198,circumflex,Taberânî,true,550,same_as_original|very_high_frequency,review,,
74,âhiret,4391,557,circumflex,âhiret,true,550,same_as_original|very_high_frequency,review,,
75,Allah'tır,4385,492,apostrophe,Allahtır,false,565,apostrophe_only|very_high_frequency,accept,,
76,selâm,4360,562,circumflex,selâm,true,550,same_as_original|very_high_frequency,review,,
77,Mâce,4354,288,circumflex,Mâce,true,550,same_as_original|very_high_frequency,review,,
78,Abbâs'tan,4349,120,circumflex|apostrophe,Abbâstan,false,615,very_high_frequency,accept,,
79,Rasûlüm,4328,248,circumflex,Rasûlüm,true,550,same_as_original|very_high_frequency,review,,
80,kâfirlere,4322,615,circumflex,kâfirlere,true,550,same_as_original|very_high_frequency,review,,
82,Abdurrezzâk,4224,111,circumflex,Abdurrezzâk,true,550,same_as_original|very_high_frequency,review,,
83,mânâsındadır,4192,130,circumflex,mânâsındadır,true,550,same_as_original|very_high_frequency,review,,
84,Basrî,4190,393,circumflex,Basrî,true,550,same_as_original|very_high_frequency,review,,
85,Mes'ûd,4133,381,circumflex|apostrophe,Mes'ûd,true,580,same_as_original|very_high_frequency,review,,
87,Dahhâk,3907,359,circumflex,Dahhâk,true,550,same_as_original|very_high_frequency,review,,
88,ebedî,3860,513,circumflex,ebedî,true,550,same_as_original|very_high_frequency,review,,
89,mânâsı,3830,260,circumflex,mânâsı,true,550,same_as_original|very_high_frequency,review,,
91,Âmir,3754,393,circumflex,Âmir,true,550,same_as_original|very_high_frequency,review,,
92,Âişe,3753,337,circumflex,Âişe,true,550,same_as_original|very_high_frequency,review,,
94,nâzil,3737,454,circumflex,nâzil,true,550,same_as_original|very_high_frequency,review,,
95,Allah'dan,3725,224,apostrophe,Allahdan,false,565,apostrophe_only|very_high_frequency,accept,,
96,Sûre,3703,368,circumflex,Sûre,true,550,same_as_original|very_high_frequency,review,,
97,Teâlâ,3692,161,circumflex,Teâlâ,true,550,same_as_original|very_high_frequency,review,,
98,Dâvud,3673,223,circumflex,Dâvud,true,550,same_as_original|very_high_frequency,review,,
99,kerîme,3659,139,circumflex,kerîme,true,550,same_as_original|very_high_frequency,review,,
100,bâtıl,3646,389,circumflex,bâtıl,true,550,same_as_original|very_high_frequency,review,,
101,sûre,3629,637,circumflex,sûre,true,550,same_as_original|very_high_frequency,review,,
102,Ferrâ',3585,221,circumflex,Ferrâ',true,550,same_as_original|edge_apostrophe|very_high_frequency,review,,
103,Resûlallah,3492,207,circumflex,Resûlallah,true,550,same_as_original|very_high_frequency,review,,
105,Âsım,3333,306,circumflex,Âsım,true,550,same_as_original|very_high_frequency,review,,
106,Mekke'de,3294,991,apostrophe,Mekkede,false,565,apostrophe_only|very_high_frequency,accept,,
107,Resûlüm,3283,225,circumflex,Resûlüm,true,550,same_as_original|very_high_frequency,review,,
108,tâbi,3222,320,circumflex,tâbi,true,550,same_as_original|very_high_frequency,review,,
109,beyân,3198,153,circumflex,beyân,true,550,same_as_original|very_high_frequency,review,,
110,Nâfi,3190,256,circumflex,Nâfi,true,550,same_as_original|very_high_frequency,review,,
111,azâb,3184,284,circumflex,azâb,true,550,same_as_original|very_high_frequency,review,,
112,ibâdet,3176,266,circumflex,ibâdet,true,550,same_as_original|very_high_frequency,review,,
114,Rasûlüllah,3136,134,circumflex,Rasûlüllah,true,550,same_as_original|very_high_frequency,review,,
115,âyetindeki,3117,272,circumflex,âyetindeki,true,550,same_as_original|very_high_frequency,review,,
116,kâfirleri,3113,568,circumflex,kâfirleri,true,550,same_as_original|very_high_frequency,review,,
117,Şâfiî,3028,150,circumflex,Şâfiî,true,550,same_as_original|very_high_frequency,review,,
118,hidâyet,3016,350,circumflex,hidâyet,true,550,same_as_original|very_high_frequency,review,,
119,Rivâyet,3010,303,circumflex,Rivâyet,true,550,same_as_original|very_high_frequency,review,,
120,lâzım,2988,242,circumflex,lâzım,true,550,same_as_original|very_high_frequency,review,,
121,kelâm,2952,266,circumflex,kelâm,true,550,same_as_original|very_high_frequency,review,,
122,Mûsa'nın,2951,258,circumflex|apostrophe,Mûsanın,false,615,very_high_frequency,accept,,
124,Kur'ân'da,2921,443,circumflex|apostrophe,Kur'ânda,false,615,very_high_frequency,accept,,
125,meselâ,2834,284,circumflex,meselâ,true,550,same_as_original|very_high_frequency,review,,
127,ifâdesi,2795,136,circumflex,ifâdesi,true,550,same_as_original|very_high_frequency,review,,
129,azâbı,2786,322,circumflex,azâbı,true,550,same_as_original|very_high_frequency,review,,
130,Süddî,2786,251,circumflex,Süddî,true,550,same_as_original|very_high_frequency,review,,
131,âyetteki,2727,307,circumflex,âyetteki,true,550,same_as_original|very_high_frequency,review,,
132,Sûresi,2713,501,circumflex,Sûresi,true,550,same_as_original|very_high_frequency,review,,
133,sûrenin,2697,526,circumflex,sûrenin,true,550,same_as_original|very_high_frequency,review,,
134,teâlâ'nın,2694,206,circumflex|apostrophe,teâlâ'nın,true,580,same_as_original|very_high_frequency,review,,
135,kerîme'de,2692,99,circumflex|apostrophe,kerîmede,false,615,very_high_frequency,accept,,
136,sûresi,2692,381,circumflex,sûresi,true,550,same_as_original|very_high_frequency,review,,
137,mükâfat,2686,433,circumflex,mükâfat,true,550,same_as_original|very_high_frequency,review,,
138,Ebû'l,2685,260,circumflex,Ebû'l,true,550,same_as_original|very_high_frequency,review,,
139,mânâsına,2681,200,circumflex,mânâsına,true,550,same_as_original|very_high_frequency,review,,
141,Âyetteki,2616,259,circumflex,Âyetteki,true,550,same_as_original|very_high_frequency,review,,
142,Mansûr,2608,128,circumflex,Mansûr,true,550,same_as_original|very_high_frequency,review,,
143,rivâyete,2566,243,circumflex,rivâyete,true,550,same_as_original|very_high_frequency,review,,
144,âlimler,2540,298,circumflex,âlimler,true,550,same_as_original|very_high_frequency,review,,
145,kıraat,2512,201,specialized-legacy,kıraat,true,520,same_as_original|very_high_frequency,review,,
146,itâat,2472,264,circumflex,itâat,true,550,same_as_original|very_high_frequency,review,,
147,duâ,2413,226,circumflex,duâ,true,550,same_as_original|short_token|very_high_frequency,review,,
148,Rasûlullah,2403,118,circumflex|specialized-legacy,Rasûlullah,true,570,same_as_original|very_high_frequency,review,,
149,Nehhâs,2391,162,circumflex,Nehhâs,true,550,same_as_original|very_high_frequency,review,,
150,âyetine,2390,308,circumflex,âyetine,true,550,same_as_original|very_high_frequency,review,,
151,Mûsa'ya,2369,233,circumflex|apostrophe,Mûsaya,false,615,very_high_frequency,accept,,
152,Atâ,2354,285,circumflex,Atâ,true,550,same_as_original|short_token|very_high_frequency,review,,
153,câizdir,2335,227,circumflex,câizdir,true,550,same_as_original|very_high_frequency,review,,
154,Medine'ye,2319,302,apostrophe,Medineye,false,565,apostrophe_only|very_high_frequency,accept,,
155,Hureyre'den,2295,142,apostrophe,Hureyreden,false,565,apostrophe_only|very_high_frequency,accept,,
157,imkânsız,2291,231,circumflex,imkânsız,true,550,same_as_original|very_high_frequency,review,,
158,sâlih,2287,315,circumflex,sâlih,true,550,same_as_original|very_high_frequency,review,,
159,Îsa,2276,163,circumflex,Îsa,true,550,same_as_original|short_token|very_high_frequency,review,,
160,Cebrâîl,2273,254,circumflex,Cebrâîl,true,550,same_as_original|very_high_frequency,review,,
161,Arapça'da,2226,184,apostrophe,Arapçada,false,565,apostrophe_only|very_high_frequency,accept,,
163,âyetidir,2198,225,circumflex,âyetidir,true,550,same_as_original|very_high_frequency,review,,
164,Kâfirler,2192,412,circumflex,Kâfirler,true,550,same_as_original|very_high_frequency,review,,
165,âyetlerin,2181,391,circumflex,âyetlerin,true,550,same_as_original|very_high_frequency,review,,
166,Muhammed'in,2165,318,apostrophe,Muhammedin,false,565,apostrophe_only|very_high_frequency,accept,,
167,Ya'kûb,2163,224,circumflex|apostrophe,Yakûb,false,615,very_high_frequency,accept,,
168,âciz,2161,362,circumflex,âciz,true,550,same_as_original|very_high_frequency,review,,
169,kıyâmet,2155,213,circumflex,kıyâmet,true,550,same_as_original|very_high_frequency,review,,
170,İbrahim'in,2133,201,apostrophe,İbrahimin,false,565,apostrophe_only|very_high_frequency,accept,,
171,lâyık,2095,355,circumflex,lâyık,true,550,same_as_original|very_high_frequency,review,,
173,âlemlerin,2061,474,circumflex,âlemlerin,true,550,same_as_original|very_high_frequency,review,,
174,hidâyete,2052,266,circumflex,hidâyete,true,550,same_as_original|very_high_frequency,review,,
175,âyetle,2050,278,circumflex,âyetle,true,550,same_as_original|very_high_frequency,review,,
176,vâcib,2039,116,circumflex,vâcib,true,550,same_as_original|very_high_frequency,review,,
177,zekât,2039,244,circumflex,zekât,true,550,same_as_original|very_high_frequency,review,,
178,Îman,1983,226,circumflex,Îman,true,550,same_as_original|very_high_frequency,review,,
179,Fir'avun,1973,129,apostrophe,Firavun,false,565,apostrophe_only|very_high_frequency,accept,,
180,İslâm'a,1969,299,circumflex,İslâma,false,585,very_high_frequency,accept,,
181,Asâkir,1938,98,circumflex,Asâkir,true,550,same_as_original|very_high_frequency,review,,
182,İsa'nın,1894,139,apostrophe,İsanın,false,565,apostrophe_only|very_high_frequency,accept,,
184,sâhibi,1879,199,circumflex,sâhibi,true,550,same_as_original|very_high_frequency,review,,
185,lâfzının,1870,214,circumflex,lâfzının,true,550,same_as_original|very_high_frequency,review,,
186,ihtilâf,1869,217,circumflex,ihtilâf,true,550,same_as_original|very_high_frequency,review,,
187,Mekke'ye,1866,306,apostrophe,Mekkeye,false,565,apostrophe_only|very_high_frequency,accept,,
188,âyete,1862,241,circumflex,âyete,true,550,same_as_original|very_high_frequency,review,,
189,Yûsuf'un,1844,45,circumflex|apostrophe,Yûsufun,false,615,very_high_frequency,accept,,
190,Âdem'in,1839,239,circumflex|apostrophe,Âdemin,false,615,very_high_frequency,accept,,
193,âyetlerde,1814,362,circumflex,âyetlerde,true,550,same_as_original|very_high_frequency,review,,
194,Rasûlü,1813,188,circumflex,Rasûlü,true,550,same_as_original|very_high_frequency,review,,
195,Cibrîl,1797,85,circumflex,Cibrîl,true,550,same_as_original|very_high_frequency,review,,
196,Rahmân,1785,450,circumflex,Rahmân,true,550,same_as_original|very_high_frequency,review,,
197,aklî,1767,230,circumflex,aklî,true,550,same_as_original|very_high_frequency,review,,
198,Rivâyete,1751,211,circumflex,Rivâyete,true,550,same_as_original|very_high_frequency,review,,
199,Medine'de,1745,456,apostrophe,Medinede,false,565,apostrophe_only|very_high_frequency,accept,,
200,Kesîr,1709,262,circumflex,Kesîr,true,550,same_as_original|very_high_frequency,review,,
201,te'kid,1699,229,apostrophe,tekid,false,565,apostrophe_only|very_high_frequency,accept,,
202,imkânsızdır,1691,151,circumflex,imkânsızdır,true,550,same_as_original|very_high_frequency,review,,
204,Kur'ân'a,1658,348,circumflex,Kur'âna,false,585,very_high_frequency,accept,,
205,âyetinden,1658,246,circumflex,âyetinden,true,550,same_as_original|very_high_frequency,review,,
206,lâfız,1654,211,circumflex,lâfız,true,550,same_as_original|very_high_frequency,review,,
207,Hanîfe,1649,122,circumflex,Hanîfe,true,550,same_as_original|very_high_frequency,review,,
208,Kisâî,1645,184,circumflex,Kisâî,true,550,same_as_original|very_high_frequency,review,,
209,mef'ûl,1634,230,circumflex|apostrophe,mef'ûl,true,580,same_as_original|very_high_frequency,review,,
210,Enes'ten,1632,158,apostrophe,Enesten,false,565,apostrophe_only|very_high_frequency,accept,,
211,nikâh,1611,106,circumflex,nikâh,true,550,same_as_original|very_high_frequency,review,,
213,Dârakutnî,1571,73,circumflex,Dârakutnî,true,550,same_as_original|very_high_frequency,review,,
214,yâhud,1566,106,circumflex,yâhud,true,550,same_as_original|very_high_frequency,review,,
215,Kur'an'ın,1554,214,apostrophe,Kuran,false,565,apostrophe_only|very_high_frequency,accept,,
216,kelâmını,1554,137,circumflex,kelâmını,true,550,same_as_original|very_high_frequency,review,,
217,İbrâhim,1553,64,circumflex,İbrâhim,true,550,same_as_original|very_high_frequency,review,,
218,imân,1547,67,circumflex,imân,true,550,same_as_original|very_high_frequency,review,,
219,Lâkin,1545,172,circumflex,Lâkin,true,550,same_as_original|very_high_frequency,review,,
220,Kisâi,1528,121,circumflex,Kisâi,true,550,same_as_original|very_high_frequency,review,,
221,Yûnus,1520,215,circumflex,Yûnus,true,550,same_as_original|very_high_frequency,review,,
222,sûresinde,1501,258,circumflex,sûresinde,true,550,same_as_original|very_high_frequency,review,,
223,âdeta,1500,186,circumflex,âdeta,true,550,same_as_original|very_high_frequency,review,,
224,Mes'ud,1475,238,apostrophe,Mesud,false,565,apostrophe_only|very_high_frequency,accept,,
225,dünyevî,1470,250,circumflex,dünyevî,true,550,same_as_original|very_high_frequency,review,,
226,Kur'ân'dan,1453,337,circumflex|apostrophe,Kur'ândan,false,615,very_high_frequency,accept,,
228,âyetiyle,1438,256,circumflex,âyetiyle,true,550,same_as_original|very_high_frequency,review,,
229,imkân,1438,295,circumflex,imkân,true,550,same_as_original|very_high_frequency,review,,
230,Kelbî,1437,264,circumflex,Kelbî,true,550,same_as_original|very_high_frequency,review,,
231,Firavun'un,1436,108,apostrophe,Firavunun,false,565,apostrophe_only|very_high_frequency,accept,,
232,Mâide,1421,210,circumflex,Mâide,true,550,same_as_original|very_high_frequency,review,,
233,âyetten,1417,263,circumflex,âyetten,true,550,same_as_original|very_high_frequency,review,,
234,azâp,1409,75,circumflex,azâp,true,550,same_as_original|very_high_frequency,review,,
235,kâfirlerden,1393,321,circumflex,kâfirlerden,true,550,same_as_original|very_high_frequency,review,,
236,yegâne,1390,185,circumflex,yegâne,true,550,same_as_original|very_high_frequency,review,,
237,Hadîs,1381,136,circumflex,Hadîs,true,550,same_as_original|very_high_frequency,review,,
238,günahkâr,1380,287,circumflex,günahkâr,true,550,same_as_original|very_high_frequency,review,,
239,Cebrâil,1375,161,circumflex,Cebrâil,true,550,same_as_original|very_high_frequency,review,,
240,Arabî,1374,136,circumflex,Arabî,true,550,same_as_original|very_high_frequency,review,,
241,Mekke'nin,1373,305,apostrophe,Mekkenin,false,565,apostrophe_only|very_high_frequency,accept,,
242,Kıyâmet,1354,166,circumflex,Kıyâmet,true,550,same_as_original|very_high_frequency,review,,
243,rivâyetine,1352,153,circumflex,rivâyetine,true,550,same_as_original|very_high_frequency,review,,
244,Resûlüllah'ın,1348,101,circumflex|apostrophe,Resûlüllah'ın,true,580,same_as_original|very_high_frequency,review,,
245,nüzul,1341,253,specialized-legacy,nüzul,true,520,same_as_original|very_high_frequency,review,,
246,Nehaî,1340,202,circumflex,Nehaî,true,550,same_as_original|very_high_frequency,review,,
247,Şâyet,1340,91,circumflex,Şâyet,true,550,same_as_original|very_high_frequency,review,,
249,Kâfir,1335,288,circumflex,Kâfir,true,550,same_as_original|very_high_frequency,review,,
250,dinî,1331,225,circumflex,dinî,true,550,same_as_original|very_high_frequency,review,,
251,Tevrat'ta,1319,184,apostrophe,Tevratta,false,565,apostrophe_only|very_high_frequency,accept,,
252,hâlinde,1318,139,circumflex,hâlinde,true,550,same_as_original|very_high_frequency,review,,
253,mahzûf,1315,189,circumflex,mahzûf,true,550,same_as_original|very_high_frequency,review,,
254,Taberî,1306,160,circumflex,Taberî,true,550,same_as_original|very_high_frequency,review,,
255,âyetlerimizi,1299,237,circumflex,âyetlerimizi,true,550,same_as_original|very_high_frequency,review,,
256,Mücâhid'den,1298,81,circumflex|apostrophe,Mücâhidden,false,615,very_high_frequency,accept,,
257,zekâtı,1295,217,circumflex,zekâtı,true,550,same_as_original|very_high_frequency,review,,
258,Şafiî,1289,116,circumflex,Şafiî,true,550,same_as_original|very_high_frequency,review,,
259,zâlim,1286,197,circumflex,zâlim,true,550,same_as_original|very_high_frequency,review,,
262,sûrede,1272,337,circumflex,sûrede,true,550,same_as_original|very_high_frequency,review,,
263,Semûd,1268,264,circumflex,Semûd,true,550,same_as_original|very_high_frequency,review,,
265,âit,1265,149,circumflex,âit,true,550,same_as_original|short_token|very_high_frequency,review,,
266,Hakîm,1261,202,circumflex,Hakîm,true,550,same_as_original|very_high_frequency,review,,
267,mükâfaat,1259,80,circumflex,mükâfaat,true,550,same_as_original|very_high_frequency,review,,
268,Cumhûr,1255,161,circumflex,Cumhûr,true,550,same_as_original|very_high_frequency,review,,
269,Kisaî,1253,116,circumflex,Kisaî,true,550,same_as_original|very_high_frequency,review,,
270,Katâde'den,1235,111,circumflex|apostrophe,Katâdeden,false,615,very_high_frequency,accept,,
271,Ömer'den,1233,136,apostrophe,Ömerden,false,565,apostrophe_only|very_high_frequency,accept,,
272,mensûbtur,1226,153,circumflex,mensûbtur,true,550,same_as_original|very_high_frequency,review,,
273,En'âm,1223,181,circumflex,En'âm,true,550,same_as_original|very_high_frequency,review,,
274,Sünen'de,1222,74,apostrophe,Sünende,false,565,apostrophe_only|very_high_frequency,accept,,
275,ma'nasına,1220,79,apostrophe,manasına,false,565,apostrophe_only|very_high_frequency,accept,,
277,belâ,1194,225,circumflex,belâ,true,550,same_as_original|very_high_frequency,review,,
278,İsrâil,1189,63,circumflex,İsrâil,true,550,same_as_original|very_high_frequency,review,,
279,mânâsını,1173,175,circumflex,mânâsını,true,550,same_as_original|very_high_frequency,review,,
280,Selâm,1167,209,circumflex,Selâm,true,550,same_as_original|very_high_frequency,review,,
281,mânası,1162,39,circumflex,mânası,true,550,same_as_original|very_high_frequency,review,,
282,âlemin,1157,176,circumflex,âlemin,true,550,same_as_original|very_high_frequency,review,,
283,Delâil'de,1154,85,circumflex|apostrophe,Delâilde,false,615,very_high_frequency,accept,,
284,kırâat,1152,93,circumflex,kırâat,true,550,same_as_original|very_high_frequency,review,,
285,zâlimler,1152,208,circumflex,zâlimler,true,550,same_as_original|very_high_frequency,review,,
286,kâfirin,1149,244,circumflex,kâfirin,true,550,same_as_original|very_high_frequency,review,,
287,Mu'tezile,1144,137,apostrophe,Mutezile,false,565,apostrophe_only|very_high_frequency,accept,,
288,Kâfirlerin,1142,253,circumflex,Kâfirlerin,true,550,same_as_original|very_high_frequency,review,,
289,Hattâb,1140,151,circumflex,Hattâb,true,550,same_as_original|very_high_frequency,review,,
290,sâhibidir,1136,149,circumflex,sâhibidir,true,550,same_as_original|very_high_frequency,review,,
291,mensûb,1135,181,circumflex,mensûb,true,550,same_as_original|very_high_frequency,review,,
292,Dârimî,1134,117,circumflex,Dârimî,true,550,same_as_original|very_high_frequency,review,,
293,mu'cize,1127,140,apostrophe,mucize,false,565,apostrophe_only|very_high_frequency,accept,,
294,sâdır,1125,123,circumflex,sâdır,true,550,same_as_original|very_high_frequency,review,,
295,hâldir,1124,137,circumflex,hâldir,true,550,same_as_original|very_high_frequency,review,,
297,Mes'ûd'dan,1112,128,circumflex|apostrophe,Mes'ûddan,false,615,very_high_frequency,accept,,
298,İsa'ya,1111,123,apostrophe,İsaya,false,565,apostrophe_only|very_high_frequency,accept,,
299,hâli,1110,189,circumflex,hâli,true,550,same_as_original|very_high_frequency,review,,
300,rüzgâr,1110,209,circumflex,rüzgâr,true,550,same_as_original|very_high_frequency,review,,
301,âyettir,1108,611,circumflex,âyettir,true,550,same_as_original|very_high_frequency,review,,
302,nübüvvet,1108,181,specialized-legacy,nübüvvet,true,520,same_as_original|very_high_frequency,review,,
303,Firyâbî,1101,85,circumflex,Firyâbî,true,550,same_as_original|very_high_frequency,review,,
304,Tâlib,1100,156,circumflex,Tâlib,true,550,same_as_original|very_high_frequency,review,,
305,Sûresi'nin,1099,239,circumflex|apostrophe,Sûresinin,false,615,very_high_frequency,accept,,
306,mülâhaza,1099,102,circumflex,mülâhaza,true,550,same_as_original|very_high_frequency,review,,
307,İslâm'ın,1095,221,circumflex|apostrophe,İslâm'ın,true,580,same_as_original|very_high_frequency,review,,
308,zâhir,1093,165,circumflex,zâhir,true,550,same_as_original|very_high_frequency,review,,
309,zâtı,1082,147,circumflex,zâtı,true,550,same_as_original|very_high_frequency,review,,
310,talâk,1079,55,circumflex,talâk,true,550,same_as_original|very_high_frequency,review,,
311,Câbir,1077,167,circumflex,Câbir,true,550,same_as_original|very_high_frequency,review,,
312,ifâdesinin,1077,102,circumflex,ifâdesinin,true,550,same_as_original|very_high_frequency,review,,
313,İbrâhîm'in,1072,109,circumflex|apostrophe,İbrâhîmin,false,615,very_high_frequency,accept,,
314,ifâdenin,1062,66,circumflex,ifâdenin,true,550,same_as_original|very_high_frequency,review,,
315,Atâ',1058,100,circumflex,Atâ',true,550,same_as_original|short_token|edge_apostrophe|very_high_frequency,review,,
317,maddî,1057,208,circumflex,maddî,true,550,same_as_original|very_high_frequency,review,,
318,Meryem'in,1055,97,apostrophe,Meryemin,false,565,apostrophe_only|very_high_frequency,accept,,
320,kıraati,1049,175,specialized-legacy,kıraati,true,520,same_as_original|very_high_frequency,review,,
321,SÛRESİ,1046,1037,circumflex,SÛRESİ,true,550,same_as_original|very_high_frequency,review,,
322,lâkin,1043,132,circumflex,lâkin,true,550,same_as_original|very_high_frequency,review,,
323,mezkûr,1043,169,circumflex,mezkûr,true,550,same_as_original|very_high_frequency,review,,
326,âlimleri,1033,192,circumflex,âlimleri,true,550,same_as_original|very_high_frequency,review,,
327,Âlimler,1028,120,circumflex,Âlimler,true,550,same_as_original|very_high_frequency,review,,
328,umumî,1027,158,circumflex,umumî,true,550,same_as_original|very_high_frequency,review,,
329,Hâlbuki,1026,192,circumflex,Hâlbuki,true,550,same_as_original|very_high_frequency,review,,
330,Rahîm,1018,454,circumflex,Rahîm,true,550,same_as_original|very_high_frequency,review,,
331,âlim,1016,197,circumflex,âlim,true,550,same_as_original|very_high_frequency,review,,
332,hâkim,1012,193,circumflex,hâkim,true,550,same_as_original|very_high_frequency,review,,
333,imâmlarından,1008,21,circumflex,imâmlarından,true,550,same_as_original|very_high_frequency,review,,
334,kelâmı,1006,203,circumflex,kelâmı,true,550,same_as_original|very_high_frequency,review,,
335,hattâ,1004,123,circumflex,hattâ,true,550,same_as_original|very_high_frequency,review,,
336,mânâsında,1004,170,circumflex,mânâsında,true,550,same_as_original|very_high_frequency,review,,
338,şerîf,1001,74,circumflex,şerîf,true,550,same_as_original|very_high_frequency,review,,
339,Bezzâr,1000,107,circumflex,Bezzâr,true,550,same_as_original|very_high_frequency,review,,
340,Eyyûb,1000,62,circumflex,Eyyûb,true,550,same_as_original|very_high_frequency,review,,
341,îman'da,995,77,circumflex|apostrophe,îmanda,false,615,,accept,,
342,şer'î,994,155,circumflex,şer'î,true,550,same_as_original,review,,
343,ma'nâ,993,81,circumflex,manâ,false,585,,accept,,
344,salât,993,164,circumflex,salât,true,550,same_as_original,review,,
345,Âdem'e,988,145,circumflex,Âdeme,false,585,,accept,,
346,râcidir,988,133,circumflex,râcidir,true,550,same_as_original,review,,
347,evlâ,975,130,circumflex,evlâ,true,550,same_as_original,review,,
349,âhirete,974,247,circumflex,âhirete,true,550,same_as_original,review,,
351,Benî,971,131,circumflex,Benî,true,550,same_as_original,review,,
352,dâir,967,177,circumflex,dâir,true,550,same_as_original,review,,
353,Mekke'den,966,201,apostrophe,Mekkeden,false,565,apostrophe_only,accept,,
354,Abbâs'a,965,95,circumflex,Abbâsa,false,585,,accept,,
355,Zekât,962,87,circumflex,Zekât,true,550,same_as_original,review,,
356,hâl'dir,958,92,circumflex|apostrophe,hâldir,false,615,,accept,,
357,Salât,956,171,circumflex,Salât,true,550,same_as_original,review,,
358,Resûlüllah'a,955,78,circumflex,Resûlüllaha,false,585,,accept,,
359,Sûrenin,951,282,circumflex,Sûrenin,true,550,same_as_original,review,,
360,Fir'avn,950,86,apostrophe,Firavn,false,565,apostrophe_only,accept,,
361,mekân,950,191,circumflex,mekân,true,550,same_as_original,review,,
362,Süfyân,950,88,circumflex,Süfyân,true,550,same_as_original,review,,
363,sûresinin,947,158,circumflex,sûresinin,true,550,same_as_original,review,,
364,imkânı,944,210,circumflex,imkânı,true,550,same_as_original,review,,
365,azâbın,940,186,circumflex,azâbın,true,550,same_as_original,review,,
366,Hibbân,938,99,circumflex,Hibbân,true,550,same_as_original,review,,
367,hikâye,936,221,circumflex,hikâye,true,550,same_as_original,review,,
368,Şa'bî,933,183,circumflex,Şabî,false,585,,accept,,
369,Sâlih,931,179,circumflex,Sâlih,true,550,same_as_original,review,,
370,Fir'avun'un,928,72,apostrophe,Firavunun,false,565,apostrophe_only,accept,,
371,Vahidî,923,91,circumflex,Vahidî,true,550,same_as_original,review,,
372,âdet,917,182,circumflex,âdet,true,550,same_as_original,review,,
373,mânâya,916,149,circumflex,mânâya,true,550,same_as_original,review,,
374,Ya'lâ,915,112,circumflex,Yalâ,false,585,,accept,,
375,te'vil,911,144,apostrophe|specialized-legacy,tevil,false,585,,accept,,
376,âdil,910,157,circumflex,âdil,true,550,same_as_original,review,,
378,râcîdir,902,78,circumflex,râcîdir,true,550,same_as_original,review,,
379,zahirî,895,137,circumflex,zahirî,true,550,same_as_original,review,,
380,Sîbeveyh,884,99,circumflex,Sîbeveyh,true,550,same_as_original,review,,
381,ilahî,881,104,circumflex,ilahî,true,550,same_as_original,review,,
382,müfessirîn,876,99,circumflex,müfessirîn,true,550,same_as_original,review,,
384,ilâhlar,865,192,circumflex,ilâhlar,true,550,same_as_original,review,,
385,rivâyette,865,121,circumflex,rivâyette,true,550,same_as_original,review,,
386,âlemi,862,177,circumflex,âlemi,true,550,same_as_original,review,,
387,alâmet,861,196,circumflex,alâmet,true,550,same_as_original,review,,
388,Musa'nın,860,64,apostrophe,Musanın,false,565,apostrophe_only,accept,,
389,şâhid,860,83,circumflex,şâhid,true,550,same_as_original,review,,
391,Dünyâ,852,46,circumflex,Dünyâ,true,550,same_as_original,review,,
392,ilâve,852,167,circumflex,ilâve,true,550,same_as_original,review,,
393,idrâk,844,127,circumflex,idrâk,true,550,same_as_original,review,,
394,Kur'ân'dır,842,214,circumflex|apostrophe,Kur'ândır,false,615,,accept,,
395,kâmil,837,173,circumflex,kâmil,true,550,same_as_original,review,,
396,Talâk,835,76,circumflex,Talâk,true,550,same_as_original,review,,
397,hakîm,833,127,circumflex,hakîm,true,550,same_as_original,review,,
398,kelâmın,832,153,circumflex,kelâmın,true,550,same_as_original,review,,
399,yakîn,831,165,circumflex,yakîn,true,550,same_as_original,review,,
400,alâ,827,185,circumflex,alâ,true,550,same_as_original|short_token,review,,
401,Abbâs'ın,826,58,circumflex|apostrophe,Abbâs'ın,true,580,same_as_original,review,,
402,Zühd'de,816,63,apostrophe,Zühdde,false,565,apostrophe_only,accept,,
403,Enbârî,815,107,circumflex,Enbârî,true,550,same_as_original,review,,
404,Ferrâ,812,111,circumflex,Ferrâ,true,550,same_as_original,review,,
406,lâfzın,806,124,circumflex,lâfzın,true,550,same_as_original,review,,
407,Kırâat,800,24,circumflex,Kırâat,true,550,same_as_original,review,,
409,kâfirlerle,792,183,circumflex,kâfirlerle,true,550,same_as_original,review,,
410,îmana,790,190,circumflex,îmana,true,550,same_as_original,review,,
411,âhireti,787,220,circumflex,âhireti,true,550,same_as_original,review,,
412,Sa'lebî,786,130,circumflex|apostrophe,Salebî,false,615,,accept,,
413,Nüzul,785,230,specialized-legacy,Nüzul,true,520,same_as_original,review,,
414,râci,784,145,circumflex,râci,true,550,same_as_original,review,,
415,te'kit,783,98,apostrophe,tekit,false,565,apostrophe_only,accept,,
416,sûreyi,782,232,circumflex,sûreyi,true,550,same_as_original,review,,
417,Âişe'den,780,85,circumflex|apostrophe,Âişeden,false,615,,accept,,
418,Âdem'i,780,164,circumflex,Âdemi,false,585,,accept,,
419,Nuh'un,779,114,apostrophe,Nuhun,false,565,apostrophe_only,accept,,
420,şâhit,779,83,circumflex,şâhit,true,550,same_as_original,review,,
421,râzı,778,135,circumflex,râzı,true,550,same_as_original,review,,
422,Ömer'in,777,155,apostrophe,Ömerin,false,565,apostrophe_only,accept,,
423,âyetlerle,777,215,circumflex,âyetlerle,true,550,same_as_original,review,,
424,ahlâk,774,188,circumflex,ahlâk,true,550,same_as_original,review,,
425,Nâfi',773,107,circumflex,Nâfi',true,550,same_as_original|edge_apostrophe,review,,
426,manevî,771,178,circumflex,manevî,true,550,same_as_original,review,,
427,Zeyd'in,770,144,apostrophe,Zeydin,false,565,apostrophe_only,accept,,
428,mükâfatı,769,195,circumflex,mükâfatı,true,550,same_as_original,review,,
429,mübtedâ,762,110,circumflex,mübtedâ,true,550,same_as_original,review,,
430,lâfzını,759,123,circumflex,lâfzını,true,550,same_as_original,review,,
431,Yûsuf'a,758,17,circumflex,Yûsufa,false,585,,accept,,
432,İsa'yı,758,81,apostrophe,İsayı,false,565,apostrophe_only,accept,,
433,vâris,756,115,circumflex,vâris,true,550,same_as_original,review,,
434,bâtıldır,755,116,circumflex,bâtıldır,true,550,same_as_original,review,,
435,Yusuf'un,754,48,apostrophe,Yusufun,false,565,apostrophe_only,accept,,
436,âyetleridir,754,188,circumflex,âyetleridir,true,550,same_as_original,review,,
437,âyetlerden,753,199,circumflex,âyetlerden,true,550,same_as_original,review,,
438,A'râf,752,130,circumflex,Arâf,false,585,,accept,,
439,âlemlere,747,162,circumflex,âlemlere,true,550,same_as_original,review,,
441,ma'lûm,744,91,circumflex|apostrophe,malûm,false,615,,accept,,
442,Lût'un,741,116,circumflex|apostrophe,Lûtun,false,615,,accept,,
443,mecazî,741,136,circumflex,mecazî,true,550,same_as_original,review,,
444,teâlâ'ya,739,87,circumflex|apostrophe,teâlâ'ya,true,580,same_as_original,review,,
445,islâm,730,91,circumflex,islâm,true,550,same_as_original,review,,
446,Mûsa'yı,729,136,circumflex|apostrophe,Mûsayı,false,615,,accept,,
448,Ashâb,728,105,circumflex,Ashâb,true,550,same_as_original,review,,
449,kâfi,728,149,circumflex,kâfi,true,550,same_as_original,review,,
450,Ali'den,726,140,apostrophe,Aliden,false,565,apostrophe_only,accept,,
451,kerime'de,725,49,apostrophe,kerimede,false,565,apostrophe_only,accept,,
452,Sevrî,725,102,circumflex,Sevrî,true,550,same_as_original,review,,
453,âlem,719,148,circumflex,âlem,true,550,same_as_original,review,,
454,ruhanî,716,137,circumflex,ruhanî,true,550,same_as_original,review,,
455,Sûresi'ni,715,111,circumflex|apostrophe,Sûresini,false,615,,accept,,
456,mâlik,715,133,circumflex,mâlik,true,550,same_as_original,review,,
457,sûresini,711,304,circumflex,sûresini,true,550,same_as_original,review,,
458,Âsim,709,104,circumflex,Âsim,true,550,same_as_original,review,,
459,âyetlerine,709,173,circumflex,âyetlerine,true,550,same_as_original,review,,
461,Rasûlüne,708,139,circumflex,Rasûlüne,true,550,same_as_original,review,,
463,âyetlerinde,706,171,circumflex,âyetlerinde,true,550,same_as_original,review,,
464,ma'nâsına,705,72,circumflex|apostrophe,manâsına,false,615,,accept,,
465,rivâyeti,703,139,circumflex,rivâyeti,true,550,same_as_original,review,,
466,Yûsuf'u,702,13,circumflex,Yûsufu,false,585,,accept,,
467,azîz,699,149,circumflex,azîz,true,550,same_as_original,review,,
469,Âlemlerin,692,157,circumflex,Âlemlerin,true,550,same_as_original,review,,
471,inkâra,687,159,circumflex,inkâra,true,550,same_as_original,review,,
472,evvelâ,686,80,circumflex,evvelâ,true,550,same_as_original,review,,
473,zarurî,679,105,circumflex,zarurî,true,550,same_as_original,review,,
474,Kerîm,677,138,circumflex,Kerîm,true,550,same_as_original,review,,
475,ta'bir,672,94,apostrophe,tabir,false,565,apostrophe_only,accept,,
476,mânâda,672,123,circumflex,mânâda,true,550,same_as_original,review,,
477,Nisâ,667,96,circumflex,Nisâ,true,550,same_as_original,review,,
478,Resûlüne,667,96,circumflex,Resûlüne,true,550,same_as_original,review,,
480,İkrime'den,664,97,apostrophe,İkrimeden,false,565,apostrophe_only,accept,,
481,edâtı,664,77,circumflex,edâtı,true,550,same_as_original,review,,
482,âyetlere,662,177,circumflex,âyetlere,true,550,same_as_original,review,,
483,Sahih'inde,659,104,apostrophe,Sahihinde,false,565,apostrophe_only,accept,,
484,zamîr,659,67,circumflex,zamîr,true,550,same_as_original,review,,
485,Azame'de,656,66,apostrophe,Azamede,false,565,apostrophe_only,accept,,
488,ba'zıları,653,88,apostrophe,bazıları,false,565,apostrophe_only,accept,,
489,Hâris,650,129,circumflex,Hâris,true,550,same_as_original,review,,
490,salâtü,650,99,circumflex,salâtü,true,550,same_as_original,review,,
491,Nûh'un,649,117,circumflex|apostrophe,Nûhun,false,615,,accept,,
492,Mu'tezile'nin,649,51,apostrophe,Mutezilenin,false,565,apostrophe_only,accept,,
493,vârid,647,153,circumflex,vârid,true,550,same_as_original,review,,
494,illâ,644,153,circumflex,illâ,true,550,same_as_original,review,,
495,Kuşeyrî,643,86,circumflex,Kuşeyrî,true,550,same_as_original,review,,
496,evlâdır,642,76,circumflex,evlâdır,true,550,same_as_original,review,,
497,Buharî,641,185,circumflex,Buharî,true,550,same_as_original,review,,
498,mâna,641,51,circumflex,mâna,true,550,same_as_original,review,,
499,Esmâ,638,72,circumflex,Esmâ,true,550,same_as_original,review,,
500,Velîd,637,101,circumflex,Velîd,true,550,same_as_original,review,,
501,merfû,634,104,circumflex,merfû,true,550,same_as_original,review,,
502,Kerîm'de,630,100,circumflex|apostrophe,Kerîmde,false,615,,accept,,
503,Hatîb,630,82,circumflex,Hatîb,true,550,same_as_original,review,,
504,âyetlerinin,628,221,circumflex,âyetlerinin,true,550,same_as_original,review,,
505,Kûfeliler,625,92,circumflex,Kûfeliler,true,550,same_as_original,review,,
506,âdeti,622,173,circumflex,âdeti,true,550,same_as_original,review,,
507,Kâfirlere,620,173,circumflex,Kâfirlere,true,550,same_as_original,review,,
508,mealde,619,161,specialized-legacy,mealde,true,520,same_as_original,review,,
509,Kelâmın,618,103,circumflex,Kelâmın,true,550,same_as_original,review,,
510,ezelî,617,138,circumflex,ezelî,true,550,same_as_original,review,,
511,umûmî,616,57,circumflex,umûmî,true,550,same_as_original,review,,
512,Bedir'de,612,127,apostrophe,Bedirde,false,565,apostrophe_only,accept,,
513,İslâm'ı,612,163,circumflex,İslâm'ı,true,550,same_as_original,review,,
514,malûm,612,106,circumflex,malûm,true,550,same_as_original,review,,
515,ma'tûf,608,87,circumflex|apostrophe,matûf,false,615,,accept,,
516,Cübeyr'den,607,102,apostrophe,Cübeyrden,false,565,apostrophe_only,accept,,
517,Ferrâ'',605,67,circumflex,Ferrâ'',true,550,same_as_original|edge_apostrophe,review,,
518,mâni,605,80,circumflex,mâni,true,550,same_as_original,review,,
520,âlimlerin,603,159,circumflex,âlimlerin,true,550,same_as_original,review,,
521,nüzulü,601,120,specialized-legacy,nüzulü,true,520,same_as_original,review,,
522,Allah'tandır,594,127,apostrophe,Allahtandır,false,565,apostrophe_only,accept,,
523,âlemde,594,147,circumflex,âlemde,true,550,same_as_original,review,,
525,azâbından,592,132,circumflex,azâbından,true,550,same_as_original,review,,
526,ilâ,591,147,circumflex,ilâ,true,550,same_as_original|short_token,review,,
527,mükâfatını,591,140,circumflex,mükâfatını,true,550,same_as_original,review,,
528,cinsî,588,65,circumflex,cinsî,true,550,same_as_original,review,,
529,hâline,588,124,circumflex,hâline,true,550,same_as_original,review,,
530,mânasına,586,20,circumflex,mânasına,true,550,same_as_original,review,,
531,Zührî,586,115,circumflex,Zührî,true,550,same_as_original,review,,
532,Zemahşerî,584,146,circumflex,Zemahşerî,true,550,same_as_original,review,,
533,Firyabî,582,25,circumflex,Firyabî,true,550,same_as_original,review,,
534,Süddî'den,581,65,circumflex|apostrophe,Süddî'den,true,580,same_as_original,review,,
535,İblis'in,581,104,apostrophe,İblisin,false,565,apostrophe_only,accept,,
536,Âliyye,581,84,circumflex,Âliyye,true,550,same_as_original,review,,
537,fâsık,581,111,circumflex,fâsık,true,550,same_as_original,review,,
538,îmanı,581,129,circumflex,îmanı,true,550,same_as_original,review,,
539,Ya'kub,579,59,apostrophe,Yakub,false,565,apostrophe_only,accept,,
540,dalâlet,579,130,circumflex,dalâlet,true,550,same_as_original,review,,
541,mânâyı,578,125,circumflex,mânâyı,true,550,same_as_original,review,,
542,İbrâhîm'e,577,77,circumflex,İbrâhîme,false,585,,accept,,
543,Nikâh,577,44,circumflex,Nikâh,true,550,same_as_original,review,,
544,kâdirdir,574,109,circumflex,kâdirdir,true,550,same_as_original,review,,
545,ma'nası,572,66,apostrophe,manası,false,565,apostrophe_only,accept,,
546,ihlâs,572,150,circumflex,ihlâs,true,550,same_as_original,review,,
547,Muâz,568,89,circumflex,Muâz,true,550,same_as_original,review,,
548,Rahmân'ın,567,110,circumflex|apostrophe,Rahmân'ın,true,580,same_as_original,review,,
549,rivâyetinde,567,137,circumflex,rivâyetinde,true,550,same_as_original,review,,
551,Evsat'ta,566,68,apostrophe,Evsatta,false,565,apostrophe_only,accept,,
552,ma'ruf,566,79,apostrophe,maruf,false,565,apostrophe_only,accept,,
553,alâkalı,565,103,circumflex,alâkalı,true,550,same_as_original,review,,
554,celâl,565,114,circumflex,celâl,true,550,same_as_original,review,,
555,Deylemî,565,122,circumflex,Deylemî,true,550,same_as_original,review,,
556,âyetlerinden,563,171,circumflex,âyetlerinden,true,550,same_as_original,review,,
557,Maverdî,561,85,circumflex,Maverdî,true,550,same_as_original,review,,
558,Razî,561,125,circumflex,Razî,true,550,same_as_original,review,,
559,mahzûftur,560,111,circumflex,mahzûftur,true,550,same_as_original,review,,
560,ahkâmı,559,70,circumflex,ahkâmı,true,550,same_as_original,review,,
561,lâfzından,557,149,circumflex,lâfzından,true,550,same_as_original,review,,
562,Âliye,556,96,circumflex,Âliye,true,550,same_as_original,review,,
563,aslî,556,107,circumflex,aslî,true,550,same_as_original,review,,
564,inkârı,556,158,circumflex,inkârı,true,550,same_as_original,review,,
565,Yahûdîler,556,45,circumflex,Yahûdîler,true,550,same_as_original,review,,
566,Kabe'nin,555,123,apostrophe,Kabenin,false,565,apostrophe_only,accept,,
567,âittir,555,63,circumflex,âittir,true,550,same_as_original,review,,
568,Kâbe'yi,554,39,circumflex|apostrophe,Kâbeyi,false,615,,accept,,
569,Mûsa'dan,548,120,circumflex|apostrophe,Mûsadan,false,615,,accept,,
570,Allah'dır,546,106,apostrophe,Allahdır,false,565,apostrophe_only,accept,,
571,irâde,546,90,circumflex,irâde,true,550,same_as_original,review,,
572,kat'î,543,90,circumflex,kat'î,true,550,same_as_original,review,,
573,Cevherî,542,67,circumflex,Cevherî,true,550,same_as_original,review,,
574,Mes'ûd'un,541,102,circumflex|apostrophe,Mes'ûdun,false,615,,accept,,
575,Buhâri,541,70,circumflex,Buhâri,true,550,same_as_original,review,,
576,ilmî,540,96,circumflex,ilmî,true,550,same_as_original,review,,
577,Âhirette,539,174,circumflex,Âhirette,true,550,same_as_original,review,,
578,Mekkî,539,181,circumflex,Mekkî,true,550,same_as_original,review,,
579,Ali'ye,538,137,apostrophe,Aliye,false,565,apostrophe_only,accept,,
580,cezâ,538,71,circumflex,cezâ,true,550,same_as_original,review,,
581,tabiî,537,113,circumflex,tabiî,true,550,same_as_original,review,,
582,âhiretin,535,172,circumflex,âhiretin,true,550,same_as_original,review,,
583,Ali'nin,534,119,apostrophe,Alinin,false,565,apostrophe_only,accept,,
584,sükûn,534,125,circumflex,sükûn,true,550,same_as_original,review,,
585,rükû,533,97,circumflex,rükû,true,550,same_as_original,review,,
586,Musâ,531,35,circumflex,Musâ,true,550,same_as_original,review,,
587,Mâlik'in,530,37,circumflex|apostrophe,Mâlikin,false,615,,accept,,
588,uhrevî,529,133,circumflex,uhrevî,true,550,same_as_original,review,,
589,taallûk,528,86,circumflex,taallûk,true,550,same_as_original,review,,
590,şehâdet,526,67,circumflex,şehâdet,true,550,same_as_original,review,,
591,hakikî,525,80,circumflex,hakikî,true,550,same_as_original,review,,
592,rivâyetler,525,86,circumflex,rivâyetler,true,550,same_as_original,review,,
593,hâle,524,130,circumflex,hâle,true,550,same_as_original,review,,
594,ta'zim,521,104,apostrophe,tazim,false,565,apostrophe_only,accept,,
595,Sûresinin,520,161,circumflex,Sûresinin,true,550,same_as_original,review,,
596,hâdise,519,97,circumflex,hâdise,true,550,same_as_original,review,,
597,Musa'ya,518,61,apostrophe,Musaya,false,565,apostrophe_only,accept,,
598,işâret,517,76,circumflex,işâret,true,550,same_as_original,review,,
599,kâfire,517,134,circumflex,kâfire,true,550,same_as_original,review,,
600,Dahhâk'tan,516,74,circumflex|apostrophe,Dahhâktan,false,615,,accept,,
601,Bilâkis,515,107,circumflex,Bilâkis,true,550,same_as_original,review,,
602,riâyet,514,109,circumflex,riâyet,true,550,same_as_original,review,,
605,Amr'dan,512,85,apostrophe,Amrdan,false,565,apostrophe_only,accept,,
606,hususî,512,91,circumflex,hususî,true,550,same_as_original,review,,
607,ifâdesindeki,511,66,circumflex,ifâdesindeki,true,550,same_as_original,review,,
608,Mehdevî,509,66,circumflex,Mehdevî,true,550,same_as_original,review,,
609,halâl,506,27,circumflex,halâl,true,550,same_as_original,review,,
610,lânet,506,90,circumflex,lânet,true,550,same_as_original,review,,
611,Hudrî,505,130,circumflex,Hudrî,true,550,same_as_original,review,,
612,Harun'un,504,92,apostrophe,Harunun,false,565,apostrophe_only,accept,,
613,alâkadar,504,78,circumflex,alâkadar,true,550,same_as_original,review,,
614,ashâb,504,70,circumflex,ashâb,true,550,same_as_original,review,,
615,itaatkâr,504,138,circumflex,itaatkâr,true,550,same_as_original,review,,
616,Muâviye,504,72,circumflex,Muâviye,true,550,same_as_original,review,,
617,zâlimlerin,504,129,circumflex,zâlimlerin,true,550,same_as_original,review,,
618,Kur'an'da,503,95,apostrophe,Kuran,false,565,apostrophe_only,accept,,
619,günahkârlar,502,148,circumflex,günahkârlar,true,550,same_as_original,review,,
620,Ahzâb,500,107,circumflex,Ahzâb,true,550,same_as_original,review,,
621,dâhil,500,108,circumflex,dâhil,true,550,same_as_original,review,,
623,Sûresi'ndeki,499,131,circumflex|apostrophe,Sûresindeki,false,614,,accept,,
624,alâmeti,499,146,circumflex,alâmeti,true,549,same_as_original,review,,
625,sâbit,499,102,circumflex,sâbit,true,549,same_as_original,review,,
626,bâtılı,498,128,circumflex,bâtılı,true,548,same_as_original,review,,
627,mu'cizeler,496,85,apostrophe,mucizeler,false,561,apostrophe_only,review,,
628,İslâm'dan,495,112,circumflex|apostrophe,İslâmdan,false,610,,accept,,
629,Osmân,495,32,circumflex,Osmân,true,545,same_as_original,review,,
630,Şuab'da,494,25,apostrophe,Şuabda,false,559,apostrophe_only,review,,
631,âyetlerimiz,494,150,circumflex,âyetlerimiz,true,544,same_as_original,review,,
632,adetâ,493,53,circumflex,adetâ,true,543,same_as_original,review,,
633,Enbiyâ,492,113,circumflex,Enbiyâ,true,542,same_as_original,review,,
634,Kâbe'nin,491,57,circumflex|apostrophe,Kâbenin,false,606,,accept,,
635,âlimlere,490,115,circumflex,âlimlere,true,540,same_as_original,review,,
636,Kaffâl,490,48,circumflex,Kaffâl,true,540,same_as_original,review,,
637,Sûr'a,489,96,circumflex,Sûra,false,574,,accept,,
638,ahlâkı,489,120,circumflex,ahlâkı,true,539,same_as_original,review,,
639,Âyeti,489,118,circumflex,Âyeti,true,539,same_as_original,review,,
640,mef'ûlün,486,129,circumflex|apostrophe,mef'ûlün,true,566,same_as_original,review,,
641,cihâd,486,53,circumflex,cihâd,true,536,same_as_original,review,,
642,da'vet,485,78,apostrophe,davet,false,550,apostrophe_only,review,,
643,infâk,485,38,circumflex,infâk,true,535,same_as_original,review,,
644,Kerîm'in,484,89,circumflex|apostrophe,Kerîmin,false,599,,accept,,
645,cismanî,484,104,circumflex,cismanî,true,534,same_as_original,review,,
646,hâsıl,484,98,circumflex,hâsıl,true,534,same_as_original,review,,
648,bâtıla,482,133,circumflex,bâtıla,true,532,same_as_original,review,,
649,sallâllahü,482,72,circumflex,sallâllahü,true,532,same_as_original,review,,
650,kâdir,481,107,circumflex,kâdir,true,531,same_as_original,review,,
651,İncil'de,477,99,apostrophe,İncilde,false,542,apostrophe_only,review,,
652,müteşabih,477,53,specialized-legacy,müteşabih,true,497,same_as_original,review,,
653,Âhıret,476,74,circumflex,Âhıret,true,526,same_as_original,review,,
654,Âhiret,476,143,circumflex,Âhiret,true,526,same_as_original,review,,
655,cumhûr,475,84,circumflex,cumhûr,true,525,same_as_original,review,,
656,muzâf,475,99,circumflex,muzâf,true,525,same_as_original,review,,
657,selâmet,473,127,circumflex,selâmet,true,523,same_as_original,review,,
658,Âyetlerimizi,472,110,circumflex,Âyetlerimizi,true,522,same_as_original,review,,
659,ilâhe,472,81,circumflex,ilâhe,true,522,same_as_original,review,,
660,kadîm,472,77,circumflex,kadîm,true,522,same_as_original,review,,
661,Nihâyet,472,87,circumflex,Nihâyet,true,522,same_as_original,review,,
662,kıraatinde,471,112,specialized-legacy,kıraatinde,true,491,same_as_original,review,,
663,rahîm,470,100,circumflex,rahîm,true,520,same_as_original,review,,
664,Sâbit,469,68,circumflex,Sâbit,true,519,same_as_original,review,,
666,lâfzına,468,123,circumflex,lâfzına,true,518,same_as_original,review,,
667,âhiretteki,467,166,circumflex,âhiretteki,true,517,same_as_original,review,,
669,Fâtiha,464,70,circumflex,Fâtiha,true,514,same_as_original,review,,
670,ifâdesine,464,62,circumflex,ifâdesine,true,514,same_as_original,review,,
671,Tastî,462,63,circumflex,Tastî,true,512,same_as_original,review,,
672,Hattâ,461,111,circumflex,Hattâ,true,511,same_as_original,review,,
673,hevâ,461,98,circumflex,hevâ,true,511,same_as_original,review,,
674,semavî,461,107,circumflex,semavî,true,511,same_as_original,review,,
676,Hudrî'den,460,71,circumflex|apostrophe,Hudrî'den,true,540,same_as_original,review,,
677,ifâdesinden,460,68,circumflex,ifâdesinden,true,510,same_as_original,review,,
678,mealindeki,460,76,specialized-legacy,mealindeki,true,480,same_as_original,review,,
679,Câbir'den,458,72,circumflex|apostrophe,Câbirden,false,573,,accept,,
680,Hilye'de,458,65,apostrophe,Hilyede,false,523,apostrophe_only,review,,
681,Musannef'te,458,55,apostrophe,Musannefte,false,523,apostrophe_only,review,,
682,münâfıklar,457,47,circumflex,münâfıklar,true,507,same_as_original,review,,
683,Azîz,455,120,circumflex,Azîz,true,505,same_as_original,review,,
684,Allah'adır,454,123,apostrophe,Allahadır,false,519,apostrophe_only,review,,
685,teâlâ'n,454,49,circumflex,teâlâ'n,true,504,same_as_original,review,,
686,Kıraat,454,93,specialized-legacy,Kıraat,true,474,same_as_original,review,,
687,gâlib,453,90,circumflex,gâlib,true,503,same_as_original,review,,
688,hidâyeti,451,115,circumflex,hidâyeti,true,501,same_as_original,review,,
689,Hulâsa,451,74,circumflex,Hulâsa,true,501,same_as_original,review,,
690,ittikâ,451,49,circumflex,ittikâ,true,501,same_as_original,review,,
691,Zeyd'den,450,108,apostrophe,Zeydden,false,515,apostrophe_only,review,,
692,şikâyet,450,127,circumflex,şikâyet,true,500,same_as_original,review,,
693,Enfâl,449,91,circumflex,Enfâl,true,499,same_as_original,review,,
694,Abdillah'tan,448,64,apostrophe,Abdillahtan,false,513,apostrophe_only,review,,
695,Yakub'un,448,59,apostrophe,Yakubun,false,513,apostrophe_only,review,,
696,merfûdur,448,85,circumflex,merfûdur,true,498,same_as_original,review,,
697,kâfirlerdir,447,144,circumflex,kâfirlerdir,true,497,same_as_original,review,,
698,mükâfaatı,447,59,circumflex,mükâfaatı,true,497,same_as_original,review,,
699,Mâlik'ten,446,37,circumflex|apostrophe,Mâlikten,false,561,,accept,,
700,âlimlerinin,446,109,circumflex,âlimlerinin,true,496,same_as_original,review,,
701,lâzımdır,445,107,circumflex,lâzımdır,true,495,same_as_original,review,,
702,Peygamber'in,443,93,apostrophe,Peygamberin,false,508,apostrophe_only,review,,
703,tabî,443,61,circumflex,tabî,true,493,same_as_original,review,,
704,İmân'da,442,29,circumflex|apostrophe,İmânda,false,557,,accept,,
705,mef'ûlü,442,114,circumflex|apostrophe,mef'ûlü,true,522,same_as_original,review,,
706,Ensâr'dan,439,43,circumflex|apostrophe,Ensârdan,false,554,,accept,,
707,mahlûkatın,436,126,circumflex,mahlûkatın,true,486,same_as_original,review,,
708,fâil,435,120,circumflex,fâil,true,485,same_as_original,review,,
709,sükûnu,435,114,circumflex,sükûnu,true,485,same_as_original,review,,
710,âlemine,434,104,circumflex,âlemine,true,484,same_as_original,review,,
711,ilâhi,433,107,circumflex,ilâhi,true,483,same_as_original,review,,
712,kemâl,433,78,circumflex,kemâl,true,483,same_as_original,review,,
713,tevil,433,122,specialized-legacy,tevil,true,453,same_as_original,review,,
714,Abdürrezzâk,431,5,circumflex,Abdürrezzâk,true,481,same_as_original,review,,
715,Davud'un,430,75,apostrophe,Davudun,false,495,apostrophe_only,review,,
716,icmâ,430,52,circumflex,icmâ,true,480,same_as_original,review,,
717,istifâde,430,50,circumflex,istifâde,true,480,same_as_original,review,,
718,mef'ul,425,98,apostrophe,meful,false,490,apostrophe_only,review,,
719,ni'met,425,72,apostrophe,nimet,false,490,apostrophe_only,review,,
720,Rabî',425,75,circumflex,Rabî',true,475,same_as_original|edge_apostrophe,review,,
722,şer'an,423,102,apostrophe,şeran,false,488,apostrophe_only,review,,
723,Kâbe'ye,421,38,circumflex|apostrophe,Kâbeye,false,536,,accept,,
724,bedenî,421,110,circumflex,bedenî,true,471,same_as_original,review,,
725,cemî,421,49,circumflex,cemî,true,471,same_as_original,review,,
726,şâir,421,126,circumflex,şâir,true,471,same_as_original,review,,
727,gâfil,420,97,circumflex,gâfil,true,470,same_as_original,review,,
728,hâlini,420,110,circumflex,hâlini,true,470,same_as_original,review,,
729,kerîmede,420,39,circumflex,kerîmede,true,470,same_as_original,review,,
730,Yahûdî,420,50,circumflex,Yahûdî,true,470,same_as_original,review,,
731,Abdullah'ın,418,111,apostrophe|specialized-legacy,Abdullah'ın,true,468,same_as_original,review,,
732,isnâdla,417,37,circumflex,isnâdla,true,467,same_as_original,review,,
733,tâat,417,87,circumflex,tâat,true,467,same_as_original,review,,
734,nikâhı,416,54,circumflex,nikâhı,true,466,same_as_original,review,,
735,mahlûk,414,106,circumflex,mahlûk,true,464,same_as_original,review,,
736,Îsa'nın,413,56,circumflex|apostrophe,Îsanın,false,528,,accept,,
737,rivâyetle,413,95,circumflex,rivâyetle,true,463,same_as_original,review,,
738,Bekr'in,412,77,apostrophe,Bekrin,false,477,apostrophe_only,review,,
739,dalâlete,412,82,circumflex,dalâlete,true,462,same_as_original,review,,
740,Melâike,412,74,circumflex,Melâike,true,462,same_as_original,review,,
741,İsrâ'il,411,31,circumflex|apostrophe,İsrâ'il,true,491,same_as_original,review,,
742,naklî,411,100,circumflex,naklî,true,461,same_as_original,review,,
743,felâh,410,74,circumflex,felâh,true,460,same_as_original,review,,
744,mânâsının,410,70,circumflex,mânâsının,true,460,same_as_original,review,,
745,lâfzındaki,408,86,circumflex,lâfzındaki,true,458,same_as_original,review,,
746,hadîs,407,95,circumflex,hadîs,true,457,same_as_original,review,,
748,Hâlid,406,62,circumflex,Hâlid,true,456,same_as_original,review,,
749,lâyıktır,406,111,circumflex,lâyıktır,true,456,same_as_original,review,,
750,Cihâd,405,26,circumflex,Cihâd,true,455,same_as_original,review,,
751,Menâsik,405,18,circumflex,Menâsik,true,455,same_as_original,review,,
752,ashâbı,404,80,circumflex,ashâbı,true,454,same_as_original,review,,
753,Sûresinde,404,121,circumflex,Sûresinde,true,454,same_as_original,review,,
754,kıraatin,404,89,specialized-legacy,kıraatin,true,424,same_as_original,review,,
755,âlemler,403,114,circumflex,âlemler,true,453,same_as_original,review,,
756,Hennâd,402,48,circumflex,Hennâd,true,452,same_as_original,review,,
757,Selmân,402,42,circumflex,Selmân,true,452,same_as_original,review,,
758,edâ,401,87,circumflex,edâ,true,451,same_as_original|short_token,review,,
759,evlât,401,91,circumflex,evlât,true,451,same_as_original,review,,
760,Mısır'da,400,78,apostrophe,Mısırda,false,465,apostrophe_only,review,,
761,alîm,399,89,circumflex,alîm,true,449,same_as_original,review,,
762,te'vili,398,83,apostrophe|specialized-legacy,tevili,false,483,,accept,,
763,delâleti,397,98,circumflex,delâleti,true,447,same_as_original,review,,
764,kıraate,397,93,specialized-legacy,kıraate,true,417,same_as_original,review,,
765,şey'in,395,95,apostrophe,şeyin,false,460,apostrophe_only,review,,
766,Evzaî,395,58,circumflex,Evzaî,true,445,same_as_original,review,,
768,merfû',394,96,circumflex,merfû',true,444,same_as_original|edge_apostrophe,review,,
769,Vekî,394,13,circumflex,Vekî,true,444,same_as_original,review,,
770,isnâd,393,83,circumflex,isnâd,true,443,same_as_original,review,,
771,Nevâdiru'l,392,80,circumflex,Nevâdirul,false,477,,accept,,
772,ahkâm,392,90,circumflex,ahkâm,true,442,same_as_original,review,,
773,amelî,392,104,circumflex,amelî,true,442,same_as_original,review,,
774,kelâmda,390,106,circumflex,kelâmda,true,440,same_as_original,review,,
775,Şâir,390,103,circumflex,Şâir,true,440,same_as_original,review,,
776,Yezîd,390,65,circumflex,Yezîd,true,440,same_as_original,review,,
777,nübüvveti,390,81,specialized-legacy,nübüvveti,true,410,same_as_original,review,,
778,azâba,388,101,circumflex,azâba,true,438,same_as_original,review,,
779,rüzgârı,388,99,circumflex,rüzgârı,true,438,same_as_original,review,,
780,Ca'fer,387,75,apostrophe,Cafer,false,452,apostrophe_only,review,,
781,Âdemoğlu,387,94,circumflex,Âdemoğlu,true,437,same_as_original,review,,
783,bilâkis,385,84,circumflex,bilâkis,true,435,same_as_original,review,,
785,Kerim'de,383,85,apostrophe,Kerimde,false,448,apostrophe_only,review,,
786,Medine'nin,383,91,apostrophe,Medinenin,false,448,apostrophe_only,review,,
787,Ma'mer,381,91,apostrophe,Mamer,false,446,apostrophe_only,review,,
788,Ensar'dan,380,91,apostrophe,Ensardan,false,445,apostrophe_only,review,,
789,Mekke'yi,378,117,apostrophe,Mekkeyi,false,443,apostrophe_only,review,,
790,evlâd,378,67,circumflex,evlâd,true,428,same_as_original,review,,
791,Medine'den,377,100,apostrophe,Medineden,false,442,apostrophe_only,review,,
792,ta'biri,377,64,apostrophe,tabiri,false,442,apostrophe_only,review,,
793,âyetlerimize,377,89,circumflex,âyetlerimize,true,427,same_as_original,review,,
796,kemâle,376,83,circumflex,kemâle,true,426,same_as_original,review,,
797,elîm,374,90,circumflex,elîm,true,424,same_as_original,review,,
798,Rasulullah,374,73,specialized-legacy,Rasulullah,true,394,same_as_original,review,,
799,âyetlerdir,373,89,circumflex,âyetlerdir,true,423,same_as_original,review,,
800,Buyû',373,13,circumflex,Buyû',true,423,same_as_original|edge_apostrophe,review,,
801,kırâete,373,49,circumflex,kırâete,true,423,same_as_original,review,,
802,küllî,373,77,circumflex,küllî,true,423,same_as_original,review,,
803,aşikâr,372,97,circumflex,aşikâr,true,422,same_as_original,review,,
805,mânânın,371,92,circumflex,mânânın,true,421,same_as_original,review,,
806,şâhitlik,371,59,circumflex,şâhitlik,true,421,same_as_original,review,,
807,vâkıf,371,83,circumflex,vâkıf,true,421,same_as_original,review,,
808,Sifât'ta,370,42,circumflex|apostrophe,Sifâtta,false,485,,accept,,
809,Umâme'den,370,57,circumflex|apostrophe,Umâmeden,false,485,,accept,,
810,günahkârların,370,114,circumflex,günahkârların,true,420,same_as_original,review,,
811,mefûl,370,77,circumflex,mefûl,true,420,same_as_original,review,,
812,Resûlü'ne,369,58,circumflex|apostrophe,Resûlü'ne,true,449,same_as_original,review,,
813,ibâdete,369,99,circumflex,ibâdete,true,419,same_as_original,review,,
814,kerîm,369,91,circumflex,kerîm,true,419,same_as_original,review,,
815,İbrâhim'in,368,23,circumflex|apostrophe,İbrâhimin,false,483,,accept,,
816,ta'yin,368,64,apostrophe,tayin,false,433,apostrophe_only,review,,
817,cüz'î,368,77,circumflex,cüz'î,true,418,same_as_original,review,,
818,Kabe'ye,366,69,apostrophe,Kabeye,false,431,apostrophe_only,review,,
819,gâlip,366,81,circumflex,gâlip,true,416,same_as_original,review,,
820,zâlimleri,366,104,circumflex,zâlimleri,true,416,same_as_original,review,,
821,kâfidir,365,97,circumflex,kâfidir,true,415,same_as_original,review,,
822,vâcip,364,52,circumflex,vâcip,true,414,same_as_original,review,,
823,zekâtını,364,67,circumflex,zekâtını,true,414,same_as_original,review,,
824,ribâ,362,16,circumflex,ribâ,true,412,same_as_original,review,,
825,suâl,362,72,circumflex,suâl,true,412,same_as_original,review,,
827,ihtilâfa,361,65,circumflex,ihtilâfa,true,411,same_as_original,review,,
828,tefsîr,361,69,circumflex,tefsîr,true,411,same_as_original,review,,
829,vâhid,361,28,circumflex,vâhid,true,411,same_as_original,review,,
830,âleminde,359,101,circumflex,âleminde,true,409,same_as_original,review,,
831,ihlâslı,359,83,circumflex,ihlâslı,true,409,same_as_original,review,,
832,Merfû',359,70,circumflex,Merfû',true,409,same_as_original|edge_apostrophe,review,,
833,ümmî,359,68,circumflex,ümmî,true,409,same_as_original,review,,
834,Adem'in,358,46,apostrophe,Ademin,false,423,apostrophe_only,review,,
835,câhil,357,82,circumflex,câhil,true,407,same_as_original,review,,
836,ıhtilâf,357,47,circumflex,ıhtilâf,true,407,same_as_original,review,,
838,kıraatine,356,88,specialized-legacy,kıraatine,true,376,same_as_original,review,,
839,hâlis,355,92,circumflex,hâlis,true,405,same_as_original,review,,
840,ibâdeti,354,92,circumflex,ibâdeti,true,404,same_as_original,review,,
841,mekânda,354,80,circumflex,mekânda,true,404,same_as_original,review,,
842,ma'nâsı,352,49,circumflex|apostrophe,manâsı,false,467,,accept,,
843,ifâdeyle,352,55,circumflex,ifâdeyle,true,402,same_as_original,review,,
844,Usûl,352,89,circumflex,Usûl,true,402,same_as_original,review,,
845,te'yid,351,96,apostrophe,teyid,false,416,apostrophe_only,review,,
846,mansûb,351,51,circumflex,mansûb,true,401,same_as_original,review,,
847,mensûh,351,54,circumflex,mensûh,true,401,same_as_original,review,,
849,Muğîre,350,88,circumflex,Muğîre,true,400,same_as_original,review,,
850,zâhirdir,348,82,circumflex,zâhirdir,true,398,same_as_original,review,,
851,Alâ,347,117,circumflex,Alâ,true,397,same_as_original|short_token,review,,
852,ta'lim,346,49,apostrophe,talim,false,411,apostrophe_only,review,,
854,kıraatidir,343,85,specialized-legacy,kıraatidir,true,363,same_as_original,review,,
855,Resûlullah'ın,342,27,circumflex|apostrophe|specialized-legacy,Resûlullah'ın,true,442,same_as_original,review,,
856,Nadîr,342,33,circumflex,Nadîr,true,392,same_as_original,review,,
857,Ubeydullah,342,84,specialized-legacy,Ubeydullah,true,362,same_as_original,review,,
858,emîn,341,74,circumflex,emîn,true,391,same_as_original,review,,
859,ifâdesini,341,57,circumflex,ifâdesini,true,391,same_as_original,review,,
860,sâdık,341,75,circumflex,sâdık,true,391,same_as_original,review,,
861,Tahâre,341,15,circumflex,Tahâre,true,391,same_as_original,review,,
862,azîm,339,81,circumflex,azîm,true,389,same_as_original,review,,
863,bakî,339,61,circumflex,bakî,true,389,same_as_original,review,,
864,kâfirdir,339,113,circumflex,kâfirdir,true,389,same_as_original,review,,
865,halükârda,338,90,circumflex,halükârda,true,388,same_as_original,review,,
866,imkânını,337,97,circumflex,imkânını,true,387,same_as_original,review,,
867,kâinatın,335,105,circumflex,kâinatın,true,385,same_as_original,review,,
868,helâldir,334,63,circumflex,helâldir,true,384,same_as_original,review,,
869,Kur'ân'daki,333,110,circumflex|apostrophe,Kur'ândaki,false,448,,accept,,
870,Katâde'nin,332,52,circumflex|apostrophe,Katâdenin,false,447,,accept,,
871,Âhırette,332,68,circumflex,Âhırette,true,382,same_as_original,review,,
872,Yâhud,332,70,circumflex,Yâhud,true,382,same_as_original,review,,
873,istidlâl,331,82,circumflex,istidlâl,true,381,same_as_original,review,,
874,mecrûr,331,92,circumflex,mecrûr,true,381,same_as_original,review,,
875,kırâatta,330,45,circumflex,kırâatta,true,380,same_as_original,review,,
876,yemîn,330,50,circumflex,yemîn,true,380,same_as_original,review,,
877,Sûresini,329,61,circumflex,Sûresini,true,379,same_as_original,review,,
878,nübüvvetini,329,52,specialized-legacy,nübüvvetini,true,349,same_as_original,review,,
879,keffâret,328,36,circumflex,keffâret,true,378,same_as_original,review,,
880,Sa'lebe,327,51,apostrophe,Salebe,false,392,apostrophe_only,review,,
881,kıyâmetin,327,82,circumflex,kıyâmetin,true,377,same_as_original,review,,
882,kâfiri,326,114,circumflex,kâfiri,true,376,same_as_original,review,,
883,Rasûl,326,60,circumflex,Rasûl,true,376,same_as_original,review,,
884,alâmetleri,325,88,circumflex,alâmetleri,true,375,same_as_original,review,,
885,âsi,324,86,circumflex,âsi,true,374,same_as_original|short_token,review,,
887,rüzgârları,323,78,circumflex,rüzgârları,true,373,same_as_original,review,,
888,inzâr,322,44,circumflex,inzâr,true,372,same_as_original,review,,
889,Derdâ'dan,321,70,circumflex|apostrophe,Derdâ'dan,true,401,same_as_original,review,,
890,Ba'zıları,321,73,apostrophe,Bazıları,false,386,apostrophe_only,review,,
891,ric'at,320,25,apostrophe,ricat,false,385,apostrophe_only,review,,
892,âleme,320,103,circumflex,âleme,true,370,same_as_original,review,,
893,mânâsıyla,320,55,circumflex,mânâsıyla,true,370,same_as_original,review,,
894,hey'eti,319,44,apostrophe,heyeti,false,384,apostrophe_only,review,,
895,Heysemî,319,51,circumflex,Heysemî,true,369,same_as_original,review,,
896,Fâtır,318,106,circumflex,Fâtır,true,368,same_as_original,review,,
897,aleyhissalâtü,317,57,circumflex,aleyhissalâtü,true,367,same_as_original,review,,
898,inkârları,317,106,circumflex,inkârları,true,367,same_as_original,review,,
899,mânaya,317,17,circumflex,mânaya,true,367,same_as_original,review,,
900,mahkûm,316,73,circumflex,mahkûm,true,366,same_as_original,review,,
901,Kabe'yi,315,68,apostrophe,Kabeyi,false,380,apostrophe_only,review,,
902,Sıddîk,315,83,circumflex,Sıddîk,true,365,same_as_original,review,,
905,Allah'la,313,94,apostrophe,Allahla,false,378,apostrophe_only,review,,
906,Muhammed'den,312,97,apostrophe,Muhammedden,false,377,apostrophe_only,review,,
907,hadîsi,312,67,circumflex,hadîsi,true,362,same_as_original,review,,
910,şâmil,311,76,circumflex,şâmil,true,361,same_as_original,review,,
911,Berâ,310,73,circumflex,Berâ,true,360,same_as_original,review,,
912,sûreler,309,159,circumflex,sûreler,true,359,same_as_original,review,,
913,ta'kıb,308,49,apostrophe,takıb,false,373,apostrophe_only,review,,
914,âhir,308,91,circumflex,âhir,true,358,same_as_original,review,,
915,ifâdedir,308,42,circumflex,ifâdedir,true,358,same_as_original,review,,
916,ilân,308,86,circumflex,ilân,true,358,same_as_original,review,,
917,Müsned'de,307,53,apostrophe,Müsnedde,false,372,apostrophe_only,review,,
918,Ammâr,306,50,circumflex,Ammâr,true,356,same_as_original,review,,
919,beşerî,304,85,circumflex,beşerî,true,354,same_as_original,review,,
920,müteşâbih,304,13,circumflex,müteşâbih,true,354,same_as_original,review,,
921,Şafiî'nin,303,22,circumflex|apostrophe,Şafiî'nin,true,383,same_as_original,review,,
922,Ankebût,302,79,circumflex,Ankebût,true,352,same_as_original,review,,
923,Enbarî,302,65,circumflex,Enbarî,true,352,same_as_original,review,,
924,Şuarâ,302,102,circumflex,Şuarâ,true,352,same_as_original,review,,
925,umûm,302,33,circumflex,umûm,true,352,same_as_original,review,,
926,mânasında,301,18,circumflex,mânasında,true,351,same_as_original,review,,
927,rüzgârın,301,86,circumflex,rüzgârın,true,351,same_as_original,review,,
929,mânâlarına,300,72,circumflex,mânâlarına,true,350,same_as_original,review,,
930,Mesâhifte,300,31,circumflex,Mesâhifte,true,350,same_as_original,review,,
931,tevhîd,300,73,circumflex,tevhîd,true,350,same_as_original,review,,
932,Zübeyr'den,299,97,apostrophe,Zübeyrden,false,364,apostrophe_only,review,,
933,Âişe'nin,298,44,circumflex|apostrophe,Âişenin,false,413,,accept,,
934,kâne,298,83,circumflex,kâne,true,348,same_as_original,review,,
935,salâh,298,80,circumflex,salâh,true,348,same_as_original,review,,
936,Âyetleri,296,178,circumflex,Âyetleri,true,346,same_as_original,review,,
937,mükâfatları,296,75,circumflex,mükâfatları,true,346,same_as_original,review,,
938,mânâsınadır,295,69,circumflex,mânâsınadır,true,345,same_as_original,review,,
939,zekâtın,295,64,circumflex,zekâtın,true,345,same_as_original,review,,
940,Bekir'in,294,53,apostrophe,Bekirin,false,359,apostrophe_only,review,,
941,mu'cizeleri,294,56,apostrophe,mucizeleri,false,359,apostrophe_only,review,,
942,Ubâde,293,60,circumflex,Ubâde,true,343,same_as_original,review,,
943,Mısır'dan,291,59,apostrophe,Mısırdan,false,356,apostrophe_only,review,,
944,Mus'ab,291,90,apostrophe,Musab,false,356,apostrophe_only,review,,
945,Nûh'a,290,56,circumflex,Nûha,false,375,,accept,,
946,bey'at,290,38,apostrophe,beyat,false,355,apostrophe_only,review,,
947,Haram'da,290,43,apostrophe,Haramda,false,355,apostrophe_only,review,,
948,âlemlerden,290,75,circumflex,âlemlerden,true,340,same_as_original,review,,
949,âyetleriyle,290,110,circumflex,âyetleriyle,true,340,same_as_original,review,,
950,hârika,290,54,circumflex,hârika,true,340,same_as_original,review,,
951,Hilâl,290,53,circumflex,Hilâl,true,340,same_as_original,review,,
952,rüzgârlar,290,68,circumflex,rüzgârlar,true,340,same_as_original,review,,
954,Ensâr,289,54,circumflex,Ensâr,true,339,same_as_original,review,,
956,zatî,289,74,circumflex,zatî,true,339,same_as_original,review,,
957,Aziz'in,288,17,apostrophe,Azizin,false,353,apostrophe_only,review,,
958,Derdâ,288,73,circumflex,Derdâ,true,338,same_as_original,review,,
959,manî,288,34,circumflex,manî,true,338,same_as_original,review,,
961,Sûrede,288,117,circumflex,Sûrede,true,338,same_as_original,review,,
962,tilâvet,288,76,circumflex,tilâvet,true,338,same_as_original,review,,
963,vücûd,288,48,circumflex,vücûd,true,338,same_as_original,review,,
964,âmil,287,89,circumflex,âmil,true,337,same_as_original,review,,
965,berî,287,61,circumflex,berî,true,337,same_as_original,review,,
966,Hammâd,287,72,circumflex,Hammâd,true,337,same_as_original,review,,
967,Tayâlisî,287,57,circumflex,Tayâlisî,true,337,same_as_original,review,,
968,ta'zîm,286,87,circumflex|apostrophe,tazîm,false,401,,accept,,
969,Hişâm,286,85,circumflex,Hişâm,true,336,same_as_original,review,,
970,Sülemî,286,77,circumflex,Sülemî,true,336,same_as_original,review,,
971,a'lâ,285,56,circumflex,alâ,false,370,short_token,accept,,
972,Şam'da,285,94,apostrophe,Şamda,false,350,apostrophe_only,review,,
973,ta'rif,285,65,apostrophe,tarif,false,350,apostrophe_only,review,,
974,Avfî,284,57,circumflex,Avfî,true,334,same_as_original,review,,
975,Câfer,284,43,circumflex,Câfer,true,334,same_as_original,review,,
976,dîye,284,88,circumflex,dîye,true,334,same_as_original,review,,
977,Medenî,284,92,circumflex,Medenî,true,334,same_as_original,review,,
978,Zekeriyyâ,284,18,circumflex,Zekeriyyâ,true,334,same_as_original,review,,
979,Evvelâ,283,58,circumflex,Evvelâ,true,333,same_as_original,review,,
980,islâmın,283,38,circumflex,islâmın,true,333,same_as_original,review,,
981,Kâbe,283,50,circumflex,Kâbe,true,333,same_as_original,review,,
982,vâki,283,61,circumflex,vâki,true,333,same_as_original,review,,
983,Malik'in,281,62,apostrophe,Malikin,false,346,apostrophe_only,review,,
984,Kur'an'dan,280,75,apostrophe,Kuran,false,345,apostrophe_only,review,,
986,Âyetten,279,73,circumflex,Âyetten,true,329,same_as_original,review,,
987,Teâlâ'nın,278,88,circumflex|apostrophe,Teâlâ'nın,true,358,same_as_original,review,,
988,alel'umum,278,41,apostrophe,alelumum,false,343,apostrophe_only,review,,
989,ma'bud,278,57,apostrophe,mabud,false,343,apostrophe_only,review,,
990,Ezrakî,278,5,circumflex,Ezrakî,true,328,same_as_original,review,,
991,şâyet,278,48,circumflex,şâyet,true,328,same_as_original,review,,
992,Leheb'in,277,47,apostrophe,Lehebin,false,342,apostrophe_only,review,,
993,nazarî,277,60,circumflex,nazarî,true,327,same_as_original,review,,
994,Şûra,277,68,circumflex,Şûra,true,327,same_as_original,review,,
995,Nûh'u,276,87,circumflex,Nûhu,false,361,,accept,,
996,Muhammed'dir,276,56,apostrophe,Muhammeddir,false,341,apostrophe_only,review,,
997,lâfzında,276,98,circumflex,lâfzında,true,326,same_as_original,review,,
998,Kâ'be'nin,275,46,circumflex|apostrophe,Kâ'benin,false,390,,accept,,
999,ilâhiyye,275,60,circumflex,ilâhiyye,true,325,same_as_original,review,,
1000,tevili,275,85,specialized-legacy,tevili,true,295,same_as_original,review,,
